{"ticker":"ALMS","name":"Alumis Inc.","sector":"Healthcare","current_score":77.6,"tier":"Neutral","asof":"2026-02-13","returns":{"1m":11.2,"3m":263.6,"6m":448.3,"12m":null},"tier_perf":{"Avoid":{"n":19,"avg":182.9,"win":100.0}},"history":[{"d":"2025-07-11","s":32.3,"p":3.52},{"d":"2025-07-18","s":29.6,"p":3.33},{"d":"2025-07-25","s":39.4,"p":3.88},{"d":"2025-08-01","s":44.2,"p":4.13},{"d":"2025-08-08","s":45.6,"p":4.3},{"d":"2025-08-15","s":48.4,"p":4.75},{"d":"2025-08-22","s":48.5,"p":4.84},{"d":"2025-08-29","s":47.1,"p":4.64},{"d":"2025-09-05","s":45.8,"p":4.51},{"d":"2025-09-12","s":45.3,"p":4.37},{"d":"2025-09-19","s":42.8,"p":4.17},{"d":"2025-09-26","s":41.7,"p":4.05},{"d":"2025-10-03","s":41.0,"p":4.02},{"d":"2025-10-10","s":45.9,"p":4.44},{"d":"2025-10-17","s":44.3,"p":4.49},{"d":"2025-10-24","s":43.5,"p":4.51},{"d":"2025-10-31","s":43.7,"p":4.75},{"d":"2025-11-07","s":43.0,"p":4.72},{"d":"2025-11-14","s":37.2,"p":5.52},{"d":"2025-11-21","s":33.7,"p":7.3},{"d":"2025-11-28","s":34.2,"p":7.67},{"d":"2025-12-05","s":37.0,"p":11.12},{"d":"2025-12-12","s":43.6,"p":11.49},{"d":"2025-12-19","s":49.7,"p":11.29},{"d":"2025-12-26","s":56.2,"p":10.97},{"d":"2026-01-02","s":63.5,"p":8.95},{"d":"2026-01-09","s":66.4,"p":19.56},{"d":"2026-01-16","s":68.6,"p":23.86},{"d":"2026-01-23","s":77.9,"p":24.52},{"d":"2026-01-30","s":77.3,"p":24.51},{"d":"2026-02-06","s":78.7,"p":26.19},{"d":"2026-02-13","s":77.6,"p":26.54}]}