{"ticker":"AMTM","name":"Amentum Holdings, Inc.","sector":"Industrials","current_score":72.4,"tier":"Neutral","asof":"2026-02-13","returns":{"1m":-10.9,"3m":27.8,"6m":null,"12m":null},"tier_perf":{"Avoid":{"n":8,"avg":46.6,"win":100.0}},"history":[{"d":"2025-09-26","s":41.9,"p":22.57},{"d":"2025-10-03","s":41.2,"p":25.95},{"d":"2025-10-10","s":44.0,"p":23.39},{"d":"2025-10-17","s":38.9,"p":22.4},{"d":"2025-10-24","s":38.1,"p":22.55},{"d":"2025-10-31","s":39.7,"p":22.41},{"d":"2025-11-07","s":38.2,"p":22.41},{"d":"2025-11-14","s":37.4,"p":22.07},{"d":"2025-11-21","s":47.2,"p":24.26},{"d":"2025-11-28","s":46.4,"p":28.63},{"d":"2025-12-05","s":46.3,"p":28.88},{"d":"2025-12-12","s":44.2,"p":29.72},{"d":"2025-12-19","s":56.4,"p":29.21},{"d":"2025-12-26","s":60.1,"p":29.73},{"d":"2026-01-02","s":55.6,"p":30.48},{"d":"2026-01-09","s":57.9,"p":33.63},{"d":"2026-01-16","s":55.9,"p":34.8},{"d":"2026-01-23","s":58.9,"p":35.38},{"d":"2026-01-30","s":65.7,"p":35.78},{"d":"2026-02-06","s":61.5,"p":37.53},{"d":"2026-02-13","s":72.4,"p":31.0}]}