{"ticker":"CON","name":"Concentra Group Holdings Parent","sector":"Healthcare","current_score":27.5,"tier":"Avoid","asof":"2026-02-13","returns":{"1m":9.2,"3m":16.7,"6m":-0.2,"12m":null},"tier_perf":{"Avoid":{"n":16,"avg":-1.7,"win":38.0}},"history":[{"d":"2025-08-01","s":23.4,"p":19.37},{"d":"2025-08-08","s":21.7,"p":21.5},{"d":"2025-08-15","s":18.9,"p":23.11},{"d":"2025-08-22","s":19.0,"p":23.58},{"d":"2025-08-29","s":20.2,"p":23.73},{"d":"2025-09-05","s":24.0,"p":23.02},{"d":"2025-09-12","s":31.6,"p":22.08},{"d":"2025-09-19","s":33.0,"p":20.6},{"d":"2025-09-26","s":34.6,"p":20.76},{"d":"2025-10-03","s":36.9,"p":20.69},{"d":"2025-10-10","s":38.7,"p":20.25},{"d":"2025-10-17","s":31.2,"p":19.86},{"d":"2025-10-24","s":31.4,"p":20.85},{"d":"2025-10-31","s":32.3,"p":19.86},{"d":"2025-11-07","s":38.6,"p":19.28},{"d":"2025-11-14","s":33.6,"p":19.36},{"d":"2025-11-21","s":33.2,"p":20.17},{"d":"2025-11-28","s":29.9,"p":20.5},{"d":"2025-12-05","s":29.6,"p":19.47},{"d":"2025-12-12","s":34.4,"p":19.87},{"d":"2025-12-19","s":33.0,"p":19.43},{"d":"2025-12-26","s":32.8,"p":20.03},{"d":"2026-01-02","s":29.5,"p":19.41},{"d":"2026-01-09","s":29.9,"p":19.9},{"d":"2026-01-16","s":29.2,"p":21.55},{"d":"2026-01-23","s":25.1,"p":21.55},{"d":"2026-01-30","s":25.6,"p":22.18},{"d":"2026-02-06","s":23.5,"p":23.5},{"d":"2026-02-13","s":27.5,"p":23.54}]}