{"ticker":"CURB","name":"Curbline Properties Corp.","sector":"Real Estate","current_score":22.8,"tier":"Avoid","asof":"2026-02-13","returns":{"1m":6.6,"3m":12.9,"6m":null,"12m":null},"tier_perf":{"Avoid":{"n":7,"avg":5.6,"win":71.0}},"history":[{"d":"2025-10-03","s":25.3,"p":23.36},{"d":"2025-10-10","s":20.2,"p":22.18},{"d":"2025-10-17","s":22.8,"p":23.33},{"d":"2025-10-24","s":24.1,"p":24.31},{"d":"2025-10-31","s":29.9,"p":22.87},{"d":"2025-11-07","s":30.3,"p":22.88},{"d":"2025-11-14","s":31.3,"p":23.06},{"d":"2025-11-21","s":32.0,"p":23.2},{"d":"2025-11-28","s":32.8,"p":23.75},{"d":"2025-12-05","s":31.5,"p":23.16},{"d":"2025-12-12","s":31.1,"p":22.71},{"d":"2025-12-19","s":32.9,"p":23.24},{"d":"2025-12-26","s":28.3,"p":23.21},{"d":"2026-01-02","s":27.4,"p":23.13},{"d":"2026-01-09","s":25.3,"p":23.5},{"d":"2026-01-16","s":22.6,"p":24.57},{"d":"2026-01-23","s":24.1,"p":24.01},{"d":"2026-01-30","s":23.7,"p":24.25},{"d":"2026-02-06","s":26.5,"p":25.27},{"d":"2026-02-13","s":22.8,"p":26.2}]}