{"ticker":"ECG","name":"Everus Construction Group, Inc.","sector":"Industrials","current_score":65.4,"tier":"Caution","asof":"2026-02-13","returns":{"1m":13.6,"3m":27.5,"6m":null,"12m":null},"tier_perf":{},"history":[{"d":"2025-10-31","s":66.5,"p":90.89},{"d":"2025-11-07","s":66.3,"p":97.81},{"d":"2025-11-14","s":73.5,"p":90.18},{"d":"2025-11-21","s":77.1,"p":82.48},{"d":"2025-11-28","s":73.0,"p":91.96},{"d":"2025-12-05","s":73.8,"p":91.75},{"d":"2025-12-12","s":74.7,"p":88.09},{"d":"2025-12-19","s":67.8,"p":89.03},{"d":"2025-12-26","s":69.7,"p":90.09},{"d":"2026-01-02","s":72.7,"p":89.18},{"d":"2026-01-09","s":75.4,"p":85.33},{"d":"2026-01-16","s":69.5,"p":92.6},{"d":"2026-01-23","s":67.3,"p":91.22},{"d":"2026-01-30","s":70.2,"p":88.49},{"d":"2026-02-06","s":65.5,"p":97.29},{"d":"2026-02-13","s":65.4,"p":105.16}]}